# stop places: (branch, s_m of route.csv), bags = train bags that stop there; 535 stops of 51 train bags (tools/eval/splits.yaml), speed < 0.3 m/s for >= 5.0 s, clusters of >= 5 bags, tools/pathgraph/build_stops.py
branch,s_m,n_bags
0,146.4,17
0,191.7,13
0,277.8,6
0,555.3,14
0,573.1,8
0,881.7,19
0,964.5,6
0,2399.7,5
0,3001.4,17
0,3222.6,8
0,3434.5,18
0,3922.0,9
0,4101.3,15
0,4322.3,8
0,4578.1,14
0,4998.3,16
0,5218.8,17
0,5335.8,10
1,43.9,5
1,68.4,5
1,225.3,16
1,438.5,16
1,851.5,16
1,1351.0,5
1,1443.1,15
1,2005.6,18
1,2173.9,6
1,2436.5,18
1,4466.7,8
1,4559.1,20
1,4851.5,10
1,5153.8,5
1,5233.5,14
1,5315.7,19
