bag,vehicle,duration_s,front_n,front_pubs,front_hz,front_maxgap_s,front_nonmono,front_dupstamp,front_lag_med_ms,front_lag_p99_ms,front_first_s,front_last_s,rear_n,rear_pubs,rear_hz,rear_maxgap_s,rear_nonmono,rear_dupstamp,rear_lag_med_ms,rear_lag_p99_ms,rear_first_s,rear_last_s,cmd_n,cmd_pubs,cmd_hz,cmd_maxgap_s,cmd_nonmono,cmd_dupstamp,cmd_lag_med_ms,cmd_lag_p99_ms,cmd_first_s,cmd_last_s,fix_n,fix_pubs,fix_hz,fix_maxgap_s,fix_nonmono,fix_dupstamp,fix_lag_med_ms,fix_lag_p99_ms,fix_first_s,fix_last_s,gvel_n,gvel_pubs,gvel_hz,gvel_maxgap_s,gvel_nonmono,gvel_dupstamp,gvel_lag_med_ms,gvel_lag_p99_ms,gvel_first_s,gvel_last_s,rfix_n,rfix_pubs,rfix_hz,rfix_maxgap_s,rfix_nonmono,rfix_dupstamp,rfix_lag_med_ms,rfix_lag_p99_ms,rfix_first_s,rfix_last_s,front_vmin,front_vmax,front_neg_frac,front_nan,front_jumps_gt5mps2,rear_vmin,rear_vmax,rear_neg_frac,rear_nan,rear_jumps_gt5mps2,cmd_min,cmd_max,cmd_traction_frac,cmd_brake_frac,fr_diff_med,fr_diff_p99abs,fr_diff_gt1_frac,fix_status_set,gnss_path_m,gnss_extent_m,gnss_vmax,gnss_dist_m,wheel_over_gnss_med,wheel_gnss_lag_s
30618_01f73500,30618,1212.0,11694,1,9.81,0.314,0,0,41.4,82.1,0.0,1211.93,11671,1,9.81,0.314,0,0,42.0,81.8,0.02,1211.93,24295,2,20.0,0.052,0,0,1.7,4.9,0.0,1211.98,12010,1,10.0,5.3,0,0,45.9,60.7,0.0,1211.91,11907,1,10.0,7.9,0,0,90.1,110.0,0.0,1211.95,11985,1,10.0,0.7,0,0,86.4,102.3,0.02,1211.95,0.0,53.28,0.0,0,67,0.0,53.41,0.0,0,65,-15,15,0.372,0.284,0.001,0.232,0.0,0 1 2,5946.1,4703.0,14.84,5469.0,3.5964,-0.05
30618_0259fe53,30618,1228.3,11864,1,10.0,0.312,0,0,49.6,96.9,0.01,1228.31,11877,1,10.0,0.312,0,0,49.6,97.0,0.0,1228.31,24640,2,20.0,0.053,0,0,0.9,2.4,0.0,1228.3,0,1,,,,,,,,,0,1,,,,,,,,,0,1,,,,,,,,,0.0,53.29,0.0,0,137,0.0,53.39,0.0,0,156,-15,15,0.34,0.293,0.0,0.235,0.0,,,,,,,
30618_0652866c,30618,1460.5,14060,1,10.0,0.91,0,0,45.9,99.6,0.01,1460.44,14070,1,10.0,0.91,0,0,45.9,99.7,0.0,1460.44,29266,2,20.0,0.052,0,0,1.0,3.6,0.01,1460.44,14616,1,10.0,1.8,0,0,41.5,58.7,0.01,1460.42,14320,1,10.0,1.8,0,0,81.6,99.3,0.01,1460.46,14453,1,10.0,5.8,0,0,72.6,94.1,0.0,1460.46,0.0,53.26,0.0,0,150,0.0,53.34,0.0,0,153,-15,15,0.31,0.306,-0.002,0.263,0.0,0 2,5886.2,4807.0,14.85,5641.6,3.5967,0.1
30618_0686195f,30618,1179.1,10594,1,9.81,0.312,0,0,33.5,99.8,0.0,1179.14,10570,1,9.81,0.312,0,0,34.0,99.9,0.02,1179.14,23636,2,20.0,0.052,0,0,1.4,6.3,0.0,1179.14,11827,1,10.0,0.1,0,0,38.4,297.1,0.0,1179.09,11731,1,10.0,1.2,0,0,82.5,346.6,0.0,1179.14,11687,1,10.0,0.7,0,0,84.1,314.3,0.01,1179.13,0.0,52.66,0.0,0,94,0.0,52.62,0.0,0,93,-15,15,0.345,0.273,0.006,0.405,0.0,0,14201.1,4504.0,14.83,5203.8,3.5496,0.0
30618_073f08d1,30618,1271.9,11815,1,9.81,0.318,0,0,27.7,97.3,0.0,1271.83,11826,1,9.81,0.318,0,0,27.7,97.6,0.0,1271.83,25487,2,20.0,0.052,0,0,1.0,2.8,0.0,1271.88,12743,1,10.0,0.2,0,0,45.0,56.8,0.0,1271.9,12386,1,10.0,1.1,0,0,88.6,100.6,0.0,1271.85,12574,1,10.0,1.1,0,0,80.6,93.6,0.0,1271.84,0.0,52.46,0.0,0,133,0.0,52.25,0.0,0,134,-15,15,0.319,0.29,-0.005,0.241,0.0,0 2,5419.3,4754.3,14.63,5423.5,3.5986,-0.05
30618_082f1d65,30618,20.5,226,1,9.98,0.207,0,0,43.8,2279.0,0.0,20.48,204,1,9.91,0.207,0,0,43.3,76.1,0.03,20.48,461,2,20.0,0.051,0,0,2.3,2371.1,0.0,20.49,230,1,10.0,0.1,0,0,54.0,2269.2,0.0,20.51,232,1,10.0,0.1,0,0,99.1,2566.8,0.0,20.46,228,1,10.0,0.1,0,0,88.5,2071.6,0.02,20.53,0.0,1.73,0.0,0,0,0.0,1.76,0.0,0,1,0,0,0.0,0.0,0.015,0.063,0.0,2,0.5,0.2,0.38,0.4,,
30618_095a115b,30618,1321.8,12745,1,10.0,0.316,0,0,47.0,97.3,0.01,1321.73,12753,1,10.0,0.316,0,0,46.9,97.3,0.0,1321.73,26484,2,20.0,0.051,0,0,0.9,2.7,0.01,1321.79,13241,1,10.0,0.2,0,0,41.6,51.2,0.01,1321.82,12547,1,10.0,2.6,0,0,82.6,93.2,0.01,1321.75,13182,1,10.0,1.6,0,0,71.0,89.9,0.0,1321.75,0.0,53.3,0.0,0,64,0.0,53.28,0.0,0,82,-15,15,0.327,0.279,-0.001,0.303,0.0007,0 2,5446.0,4689.9,14.82,5440.4,3.5998,0.0
30618_0a83c933,30618,1095.6,10559,1,10.0,0.286,0,0,61.5,99.6,0.01,1095.58,10569,1,10.0,0.256,0,0,61.4,99.7,0.0,1095.58,21988,2,20.0,0.053,0,0,0.9,2.5,0.0,1095.58,0,1,,,,,,,,,0,1,,,,,,,,,0,1,,,,,,,,,0.0,52.47,0.0,0,144,0.0,52.6,0.0,0,166,-15,15,0.369,0.303,-0.0,0.242,0.0003,,,,,,,
30618_0d865417,30618,11.8,115,1,9.44,0.206,0,0,79.4,2132.0,0.01,11.79,123,1,9.44,0.206,0,0,89.4,3325.2,0.0,11.79,286,2,20.0,0.051,0,0,1.0,2314.7,0.01,11.84,142,1,10.0,0.1,0,0,40.7,2267.9,0.01,11.76,141,1,10.0,0.1,0,0,80.6,2169.5,0.02,11.81,144,1,10.0,0.2,0,0,74.0,2565.7,0.0,11.79,0.0,3.9,0.0,0,1,0.0,3.85,0.0,0,0,-11,6,0.28,0.108,0.019,0.106,0.0,2,2.2,2.0,1.15,2.0,,
30618_0e41eac3,30618,1322.7,12386,1,9.81,0.326,0,0,35.5,84.4,0.01,1322.75,12398,1,9.81,0.326,0,0,35.4,86.2,0.0,1322.75,26524,2,20.0,0.053,0,0,0.9,3.3,0.0,1322.71,13222,1,10.0,1.3,0,0,45.3,62.0,0.01,1322.74,12988,1,10.0,1.4,0,0,88.2,109.9,0.01,1322.69,13008,1,10.0,5.0,0,0,84.3,112.2,0.0,1322.67,0.0,53.33,0.0,0,96,0.0,53.39,0.0,0,94,-15,15,0.328,0.288,-0.001,0.245,0.0,0 2,5487.1,4601.5,14.82,5339.7,3.5987,0.1
30618_0f120b35,30618,1318.0,12103,1,9.81,0.314,0,0,35.3,99.4,0.01,1318.0,12112,1,9.81,0.314,0,0,35.3,99.5,0.0,1318.0,26413,2,20.0,0.063,0,0,1.0,2.8,0.01,1317.96,13206,1,10.0,0.2,0,0,48.5,56.8,0.01,1317.98,13138,1,10.0,0.5,0,0,94.6,105.5,0.02,1317.93,13083,1,10.0,1.6,0,0,87.2,97.1,0.0,1317.92,0.0,52.19,0.0,0,157,0.0,52.32,0.0,0,151,-15,15,0.317,0.258,-0.004,0.234,0.0,0 2,5502.7,4746.4,14.5,5412.2,3.6002,-0.05
30618_117c2d02,30618,1202.4,11063,1,9.81,0.87,0,0,25.0,100.4,0.01,1202.4,11075,1,9.81,0.87,0,0,25.0,100.5,0.0,1202.4,24123,2,20.0,0.051,0,0,0.9,25.4,0.0,1202.45,0,1,,,,,,,,,0,1,,,,,,,,,0,1,,,,,,,,,0.0,53.17,0.0,0,113,0.0,53.2,0.0,0,92,-15,15,0.309,0.3,-0.002,0.306,0.0032,,,,,,,
30618_1551d0a9,30618,1.3,36,1,10.0,0.206,0,0,826.9,2636.3,0.0,1.25,45,1,10.0,0.206,0,0,1293.7,3620.9,0.0,1.25,78,2,20.0,0.051,0,0,838.0,2572.9,0.0,1.25,39,1,10.0,0.1,0,0,833.4,2584.4,0.0,1.23,36,1,10.0,0.1,0,0,678.6,2287.9,0.0,1.28,41,1,10.0,0.1,0,0,936.5,2781.6,0.0,1.27,0.0,0.0,0.0,0,0,0.0,0.0,0.0,0,0,0,0,0.0,0.0,,,,2,0.1,0.0,0.01,0.0,,
30618_1cc230fa,30618,1311.3,11952,1,9.81,0.404,0,0,59.8,100.2,0.01,1311.29,11962,1,9.81,0.31,0,0,59.8,100.3,0.0,1311.29,26282,2,20.0,0.052,0,0,0.9,3.2,0.01,1311.27,13105,1,10.0,2.4,0,0,43.7,109.7,0.01,1311.23,12827,1,10.0,2.4,0,0,83.9,120.3,0.01,1311.27,12884,1,10.0,2.3,0,0,80.1,169.7,0.0,1311.26,0.0,53.31,0.0,0,129,0.0,53.35,0.0,0,122,-15,15,0.358,0.298,0.0,0.223,0.0,0 2,5917.8,4723.4,14.84,5473.7,3.5963,-0.15
30618_20096314,30618,1187.4,11429,1,9.85,0.316,0,0,54.2,99.1,0.0,1187.43,11435,1,9.85,0.316,0,0,54.2,99.2,0.0,1187.43,23820,2,20.0,0.052,0,0,0.9,2.4,0.0,1187.43,0,1,,,,,,,,,0,1,,,,,,,,,0,1,,,,,,,,,0.0,52.19,0.0,0,117,0.0,52.21,0.0,0,126,-15,15,0.343,0.286,-0.002,0.232,0.0,,,,,,,
30618_2050d396,30618,1340.7,12530,1,9.81,0.308,0,0,58.6,101.0,0.0,1340.72,12510,1,9.81,0.308,0,0,59.1,101.5,0.02,1340.73,26864,2,20.0,0.051,0,0,1.7,5.0,0.0,1340.72,13432,1,10.0,0.1,0,0,48.2,55.5,0.0,1340.69,13250,1,10.0,1.1,0,0,95.2,108.7,0.0,1340.74,13218,1,10.0,1.6,0,0,86.7,101.1,0.01,1340.73,0.0,50.51,0.0,0,138,0.0,50.47,0.0,0,161,-15,15,0.324,0.311,-0.001,0.294,0.0053,2,5362.5,4706.7,14.04,5367.0,3.5976,-0.1
30618_2161b58b,30618,1069.8,9571,1,9.81,0.318,0,0,27.4,99.7,0.01,1069.82,9582,1,9.81,0.318,0,0,27.5,100.0,0.0,1069.82,21450,2,20.0,0.052,0,0,0.9,2.4,0.01,1069.81,0,1,,,,,,,,,0,1,,,,,,,,,0,1,,,,,,,,,0.0,52.99,0.0,0,72,0.0,53.1,0.0,0,71,-15,15,0.376,0.355,-0.001,0.223,0.0,,,,,,,
30618_21dd3af3,30618,1074.3,9838,1,9.81,0.306,0,0,65.1,100.2,0.01,1074.35,9847,1,9.81,0.306,0,0,65.1,100.3,0.0,1074.35,21540,2,20.0,0.051,0,0,0.9,2.5,0.01,1074.33,10769,1,10.0,0.1,0,0,43.0,52.5,0.01,1074.29,10544,1,10.0,2.1,0,0,84.5,99.3,0.02,1074.33,10657,1,10.0,2.1,0,0,81.0,94.2,0.0,1074.32,0.0,51.86,0.0,0,180,0.0,51.91,0.0,0,190,-15,15,0.362,0.369,-0.001,0.238,0.0,0 2,5439.1,4756.5,14.42,5436.2,3.5969,0.2
30618_2255aade,30618,1254.1,11618,1,9.81,1.192,6,0,60.1,100.2,0.0,1254.07,11630,1,9.81,1.192,7,0,60.1,100.3,0.0,1254.07,25135,2,20.0,1.05,17,0,1.0,25.7,0.0,1254.06,0,1,,,,,,,,,0,1,,,,,,,,,0,1,,,,,,,,,0.0,53.3,0.0,0,202,0.0,53.33,0.0,0,202,-15,15,0.346,0.322,0.0,0.217,0.0,,,,,,,
30618_22c1c589,30618,1152.1,10930,1,10.0,0.316,0,0,37.4,79.6,0.01,1152.06,10945,1,10.0,0.316,0,0,37.5,81.2,0.0,1152.06,23097,2,20.0,0.051,0,0,1.0,3.7,0.01,1152.12,11548,1,10.0,0.1,0,0,43.9,53.0,0.01,1152.04,11338,1,10.0,1.6,0,0,83.1,96.1,0.02,1152.08,11507,1,10.0,1.3,0,0,75.9,92.1,0.0,1152.07,0.0,52.4,0.0,0,110,0.0,52.4,0.0,0,104,-15,15,0.358,0.279,-0.005,0.239,0.0,0 2,5432.0,4756.5,14.54,5421.3,3.5987,0.05
30618_2366c74a,30618,1080.7,10418,1,10.0,0.312,0,0,45.8,89.0,0.01,1080.58,10427,1,10.0,0.312,0,0,45.8,93.2,0.0,1080.58,21666,2,20.0,0.051,0,0,1.0,60.8,0.01,1080.63,10833,1,10.0,0.2,0,0,47.5,975.7,0.01,1080.6,10602,1,10.0,1.8,0,0,93.2,1021.1,0.02,1080.65,10433,1,10.0,6.0,0,0,84.3,1007.7,0.0,1080.64,0.0,52.62,0.0,0,127,0.0,52.58,0.0,0,125,-15,15,0.322,0.281,0.001,0.217,0.0,0 2,4568.9,4009.3,14.63,4559.3,3.5967,-0.15
30618_27e994fc,30618,1897.5,17942,1,10.0,0.96,0,0,41.3,100.1,0.01,1897.4,17920,1,10.0,0.96,0,0,41.8,100.5,0.03,1897.4,38004,2,20.0,0.051,0,0,1.3,3.8,0.01,1897.48,18827,1,10.0,15.0,7,0,44.5,1042.4,0.01,1897.48,18632,1,10.0,15.7,7,0,82.4,1074.1,0.0,1897.43,18682,1,10.0,4.1,8,0,82.0,1083.4,0.02,1897.42,0.0,52.9,0.0,0,83,0.0,52.98,0.0,0,78,-15,15,0.244,0.248,0.008,0.354,0.0,0 2,10622.3,4808.0,14.81,5670.3,3.5773,0.15
30618_28538acf,30618,1287.7,11983,1,10.0,0.312,0,0,29.3,100.6,0.01,1287.69,11994,1,10.0,0.312,0,0,29.3,100.6,0.0,1287.69,25830,2,20.0,0.055,0,0,0.9,5.4,0.0,1287.7,12885,1,10.0,1.9,0,0,44.7,997.1,0.01,1287.68,12616,1,10.0,1.9,0,0,87.7,1041.3,0.01,1287.62,12582,1,10.0,2.4,0,0,82.0,1031.0,0.0,1287.62,0.0,53.26,0.0,0,144,0.0,53.29,0.0,0,137,-15,15,0.341,0.368,-0.002,0.238,0.0,0 1 2,5811.3,4716.5,14.83,5463.5,3.5961,-0.1
30618_2cb9ce37,30618,745.8,7384,1,10.0,0.31,0,0,63.0,89.7,0.01,745.77,7396,1,10.0,0.31,0,0,63.0,91.2,0.0,745.77,14974,2,20.0,0.051,0,0,1.0,2.8,0.01,745.77,7487,1,10.0,0.1,0,0,48.6,57.5,0.01,745.78,7396,1,10.0,2.8,0,0,95.8,107.6,0.02,745.72,7408,1,10.0,1.0,0,0,88.6,97.3,0.0,745.7,0.0,52.73,0.0,0,90,0.0,52.75,0.0,0,93,-15,15,0.392,0.312,0.002,0.251,0.0,0 2,3964.0,3512.0,14.65,3966.3,3.5967,0.05
30618_2d2fa7be,30618,1198.5,10866,1,9.81,0.308,0,0,55.7,99.3,0.01,1198.41,10881,1,9.81,0.308,0,0,55.7,99.5,0.0,1198.41,24050,2,20.0,0.052,0,0,0.9,2.5,0.0,1198.46,0,1,,,,,,,,,0,1,,,,,,,,,0,1,,,,,,,,,0.0,52.29,0.0,0,69,0.0,52.2,0.0,0,79,-15,15,0.35,0.302,-0.002,0.21,0.0,,,,,,,
30618_2dbce472,30618,1369.4,12602,1,9.81,0.338,0,0,39.4,100.3,0.01,1369.34,12613,1,9.81,0.338,0,0,39.4,100.3,0.0,1369.34,27436,2,20.0,0.052,0,0,1.0,2.9,0.01,1369.4,13617,1,10.0,3.7,0,0,41.2,58.4,0.01,1369.32,13372,1,10.0,3.7,0,0,78.8,101.2,0.02,1369.37,13278,1,10.0,3.7,0,0,74.5,92.6,0.0,1369.36,0.0,52.72,0.0,0,156,0.0,52.76,0.0,0,153,-15,15,0.352,0.293,0.0,0.233,0.0,0 2,6069.2,4688.0,14.66,5433.4,3.5989,-0.3
30618_2f104a1d,30618,1248.4,11422,1,9.81,0.308,0,0,60.9,100.4,0.0,1248.42,11432,1,9.81,0.308,0,0,60.9,100.4,0.0,1248.42,25018,2,20.0,0.052,0,0,1.0,3.6,0.0,1248.43,12509,1,10.0,0.1,0,0,45.4,53.6,0.0,1248.4,12254,1,10.0,0.9,0,0,87.4,98.0,0.01,1248.44,12266,1,10.0,6.5,0,0,72.4,89.2,0.0,1248.42,0.0,52.42,0.0,0,88,0.0,52.42,0.0,0,97,-15,15,0.341,0.274,-0.001,0.222,0.0,0 2,5425.8,4746.8,14.62,5411.1,3.6006,-0.15
30618_2f2f1175,30618,1168.5,10785,1,9.81,0.304,0,0,25.5,100.0,0.01,1168.49,10797,1,9.81,0.304,0,0,25.5,100.1,0.0,1168.49,23444,2,20.0,0.052,0,0,0.9,2.6,0.0,1168.49,0,1,,,,,,,,,0,1,,,,,,,,,0,1,,,,,,,,,0.0,53.24,0.0,0,101,0.0,53.28,0.0,0,102,-15,15,0.334,0.311,0.001,0.222,0.0,,,,,,,
30618_33bec73f,30618,1177.5,11579,1,10.0,0.286,0,0,53.6,98.0,0.0,1177.46,11562,1,10.0,0.286,0,0,54.3,98.2,0.02,1177.46,23602,2,20.0,0.052,0,0,1.7,4.6,0.0,1177.46,11800,1,10.0,0.2,0,0,47.8,55.8,0.0,1177.42,11708,1,10.0,0.6,0,0,93.5,104.2,0.0,1177.37,11658,1,10.0,1.6,0,0,85.1,97.8,0.01,1177.45,0.0,51.88,0.0,0,111,0.0,51.96,0.0,0,153,-15,15,0.329,0.263,-0.001,0.338,0.0064,0 2,5379.8,4712.4,14.43,5373.0,3.5983,0.1
30618_3b36e5cd,30618,1255.4,11649,1,9.81,0.29,0,0,56.5,100.2,0.01,1255.34,11658,1,9.81,0.29,0,0,56.5,100.3,0.0,1255.34,25163,2,20.0,0.057,0,0,0.9,2.5,0.01,1255.38,12521,1,10.0,4.2,0,0,42.9,54.8,0.01,1255.39,12362,1,10.0,4.2,0,0,82.0,97.9,0.02,1255.33,12547,1,10.0,0.7,0,0,81.3,95.2,0.0,1255.32,0.0,53.17,0.0,0,117,0.0,53.25,0.0,0,127,-15,15,0.357,0.319,-0.0,0.231,0.0,0 2,5557.5,4692.3,14.8,5441.4,3.5962,-0.3
30618_3ba2326f,30618,1276.0,12126,1,10.0,0.304,0,0,59.3,99.4,0.01,1275.86,12135,1,10.0,0.304,0,0,59.3,99.6,0.0,1275.86,25594,2,20.0,0.052,0,0,0.9,2.4,0.0,1275.96,0,1,,,,,,,,,0,1,,,,,,,,,0,1,,,,,,,,,0.0,53.32,0.0,0,183,0.0,53.37,0.0,0,169,-15,15,0.322,0.297,0.002,0.224,0.0,,,,,,,
30618_3e012faf,30618,1018.8,9555,1,10.0,0.314,0,0,38.1,95.2,0.0,1018.79,9565,1,10.0,0.314,0,0,38.2,96.5,0.0,1018.79,20453,2,20.0,0.052,0,0,0.9,2.9,0.0,1018.78,0,1,,,,,,,,,0,1,,,,,,,,,0,1,,,,,,,,,-0.38,53.16,0.0006,0,120,-0.39,53.23,0.0005,0,124,-15,15,0.372,0.328,0.001,0.198,0.0,,,,,,,
30618_3e9f4952,30618,1320.5,12411,1,9.81,0.312,0,0,41.9,100.6,0.0,1320.48,12390,1,9.81,0.312,0,0,42.4,101.1,0.01,1320.48,26458,2,20.0,0.052,0,0,1.7,4.4,0.0,1320.53,13230,1,10.0,0.1,0,0,46.6,61.5,0.0,1320.55,12951,1,10.0,1.2,0,0,90.9,107.5,0.0,1320.5,12961,1,10.0,3.6,0,0,83.9,104.5,0.01,1320.49,0.0,53.21,0.0,0,118,0.0,53.26,0.0,0,115,-15,15,0.351,0.292,-0.001,0.25,0.0,0 2,5610.9,4715.4,14.82,5468.3,3.5972,-0.05
30618_40ffd323,30618,1277.9,12009,1,9.81,1.292,6,0,58.5,128.1,0.0,1277.83,12019,1,9.81,1.292,6,0,58.5,132.5,0.0,1277.84,25607,2,20.0,1.05,20,0,1.0,63.9,0.0,1277.88,12801,1,10.0,1.1,10,0,45.6,1045.9,0.0,1277.83,12701,1,10.0,1.3,10,0,89.7,1089.6,0.0,1277.87,12527,1,10.0,5.7,10,0,75.0,1084.8,0.0,1277.86,0.0,53.04,0.0,0,144,0.0,53.05,0.0,0,147,-15,15,0.381,0.338,0.001,0.216,0.0,0 2,5580.5,4730.7,14.77,5478.3,3.5957,-0.05
30618_437e855c,30618,1147.8,10425,1,9.81,0.306,0,0,34.1,100.8,0.01,1147.77,10400,1,9.81,0.306,0,0,34.7,101.1,0.02,1147.77,23010,2,20.0,0.051,0,0,1.6,5.0,0.01,1147.82,11504,1,10.0,0.2,0,0,43.3,53.2,0.01,1147.74,11273,1,10.0,2.1,0,0,84.5,97.7,0.0,1147.79,11253,1,10.0,4.0,0,0,82.6,93.4,0.02,1147.78,0.0,52.88,0.0,0,83,0.0,52.89,0.0,0,91,-15,15,0.381,0.299,-0.001,0.237,0.0,0 2,5768.0,4689.0,14.73,5437.1,3.5951,-0.05
30618_45ff6f99,30618,13.1,160,1,10.0,0.12,0,0,27.4,2683.9,0.0,13.1,169,1,10.0,0.122,0,0,27.9,3577.1,0.0,13.1,338,2,20.0,0.052,0,0,0.9,3628.6,0.0,13.08,159,1,10.0,0.1,0,0,45.3,2663.0,0.0,13.04,157,1,10.0,0.1,0,0,86.9,2465.3,0.01,13.08,161,1,10.0,0.1,0,0,71.6,2860.9,0.0,13.08,0.0,0.0,0.0,0,0,0.0,0.0,0.0,0,0,0,0,0.0,0.0,,,,2,0.3,0.0,0.01,0.1,,
30618_46e21b9b,30618,1202.4,11063,1,9.81,0.87,0,0,25.0,100.4,0.01,1202.4,11075,1,9.81,0.87,0,0,25.0,100.5,0.0,1202.4,24123,2,20.0,0.051,0,0,0.9,25.4,0.0,1202.45,0,1,,,,,,,,,0,1,,,,,,,,,0,1,,,,,,,,,0.0,53.17,0.0,0,113,0.0,53.2,0.0,0,92,-15,15,0.309,0.3,-0.002,0.306,0.0032,,,,,,,
30618_49fe4c54,30618,1379.9,13128,1,10.0,0.316,0,0,51.6,98.5,0.01,1379.87,13135,1,10.0,0.33,0,0,51.5,98.6,0.0,1379.87,27664,2,20.0,0.052,0,0,0.9,3.6,0.0,1379.88,13821,1,10.0,0.2,0,0,45.5,252.3,0.01,1379.85,13406,1,10.0,4.1,0,0,88.5,294.1,0.02,1379.9,13637,1,10.0,1.0,0,0,83.0,292.9,0.0,1379.89,0.0,53.27,0.0,0,134,0.0,53.34,0.0,0,142,-15,15,0.324,0.313,-0.001,0.249,0.0,0 1 2,6029.0,4748.2,14.83,5531.1,3.5987,0.1
30618_4d487b0d,30618,1072.8,9569,1,9.81,0.317,0,0,21.6,100.5,0.0,1072.64,9579,1,9.81,0.317,0,0,21.6,100.6,0.0,1072.64,21505,2,20.0,0.052,0,0,0.9,47.4,0.0,1072.82,10417,1,10.0,29.4,0,0,40.0,961.3,0.0,1072.78,10296,1,10.0,33.4,0,0,78.4,985.9,0.01,1072.82,10425,1,10.0,23.7,0,0,69.9,999.5,0.0,1072.81,0.0,53.25,0.0,0,249,0.0,53.25,0.0,0,273,-15,15,0.397,0.417,-0.001,0.234,0.0,0 1 2,5629.5,4724.0,14.81,5336.3,3.5955,0.15
30618_4e1e3181,30618,1269.3,12319,1,9.99,0.306,0,0,52.2,100.3,0.01,1269.31,12321,1,9.99,0.306,0,0,52.1,100.7,0.0,1269.31,25444,2,20.0,0.051,0,0,1.0,26.4,0.01,1269.31,0,1,,,,,,,,,0,1,,,,,,,,,0,1,,,,,,,,,0.0,51.42,0.0,0,140,0.0,51.51,0.0,0,130,-15,15,0.317,0.264,-0.002,0.237,0.0,,,,,,,
30618_5036aa78,30618,98.8,1005,1,10.0,0.228,0,0,51.2,1657.3,0.01,98.8,1016,1,10.0,0.228,0,0,51.3,2749.5,0.0,98.8,2050,2,20.0,0.051,0,0,1.3,2728.6,0.0,98.84,0,1,,,,,,,,,0,1,,,,,,,,,0,1,,,,,,,,,0.0,12.24,0.0,0,4,0.0,12.24,0.0,0,5,-15,7,0.066,0.045,0.001,0.057,0.0,,,,,,,
30618_5eb8d2c9,30618,745.8,7384,1,10.0,0.31,0,0,63.0,89.7,0.01,745.77,7396,1,10.0,0.31,0,0,63.0,91.2,0.0,745.77,14974,2,20.0,0.051,0,0,1.0,2.8,0.01,745.77,7487,1,10.0,0.1,0,0,48.6,57.5,0.01,745.78,7396,1,10.0,2.8,0,0,95.8,107.6,0.02,745.72,7408,1,10.0,1.0,0,0,88.6,97.3,0.0,745.7,0.0,52.73,0.0,0,90,0.0,52.75,0.0,0,93,-15,15,0.392,0.312,0.002,0.251,0.0,0 2,3964.0,3512.0,14.65,3966.3,3.5967,0.05
30618_616ec56b,30618,1239.8,11250,1,9.81,0.31,0,0,34.3,99.4,0.01,1239.74,11262,1,9.81,0.31,0,0,34.3,99.6,0.0,1239.74,24868,2,20.0,0.051,0,0,0.9,2.9,0.0,1239.75,12423,1,10.0,0.1,0,0,46.4,54.3,0.01,1239.72,11909,1,10.0,2.4,0,0,89.3,99.3,0.02,1239.77,12248,1,10.0,1.3,0,0,83.7,94.8,0.0,1239.77,0.0,52.18,0.0,0,127,0.0,52.17,0.0,0,127,-15,15,0.34,0.298,-0.004,0.235,0.0,0 1 2,5870.0,4737.3,14.51,5400.1,3.5976,-0.05
30618_6236f680,30618,1272.6,12288,1,10.0,0.31,0,0,50.6,89.3,0.01,1272.6,12302,1,10.0,0.31,0,0,50.6,90.3,0.0,1272.6,25532,2,20.0,0.053,0,0,0.9,2.4,0.0,1272.65,0,1,,,,,,,,,0,1,,,,,,,,,0,1,,,,,,,,,0.0,52.92,0.0,0,136,0.0,52.77,0.0,0,129,-15,15,0.329,0.28,-0.0,0.238,0.0,,,,,,,
30618_67b89902,30618,983.2,9540,1,10.0,0.29,0,0,66.1,100.9,0.01,983.19,9519,1,10.0,0.29,0,0,66.8,101.5,0.03,983.19,19718,2,20.0,0.053,0,0,1.7,4.5,0.01,983.24,9859,1,10.0,0.1,0,0,46.6,55.1,0.01,983.16,9786,1,10.0,0.7,0,0,91.6,101.9,0.0,983.2,9588,1,10.0,2.2,0,0,87.4,97.9,0.02,983.18,0.0,51.74,0.0,0,66,0.0,51.68,0.0,0,73,-15,15,0.377,0.275,-0.005,0.247,0.0,0 2,5389.3,4729.6,14.37,5388.6,3.5984,0.1
30618_68847170,30618,1210.8,11461,1,10.0,0.302,0,0,40.1,82.3,0.0,1210.73,11472,1,10.0,0.302,0,0,40.3,83.3,0.0,1210.73,24284,2,20.0,0.052,0,0,0.9,2.8,0.0,1210.75,12132,1,10.0,0.1,0,0,48.9,58.6,0.0,1210.71,12084,1,10.0,0.7,0,0,93.1,103.8,0.0,1210.76,11914,1,10.0,2.0,0,0,85.1,110.7,0.0,1210.76,0.0,52.14,0.0,0,125,0.0,52.34,0.0,0,134,-15,15,0.355,0.285,-0.003,0.234,0.0,0 2,5407.7,4745.2,14.58,5410.0,3.6001,0.0
30618_68d1748a,30618,1256.7,11373,1,9.81,0.316,0,0,41.3,100.1,0.01,1256.66,11380,1,9.81,0.316,0,0,41.3,100.1,0.0,1256.66,25183,2,20.0,0.051,0,0,0.9,2.8,0.01,1256.67,12458,1,10.0,6.6,0,0,40.1,53.1,0.01,1256.64,12364,1,10.0,6.6,0,0,75.5,92.4,0.02,1256.69,12243,1,10.0,14.0,0,0,69.2,84.7,0.0,1256.68,0.0,53.29,0.0,0,95,0.0,53.28,0.0,0,110,-15,15,0.357,0.288,-0.001,0.256,0.0019,0 2,6191.6,4689.7,14.84,5434.5,3.5993,-0.1
30618_6cb3280a,30618,1224.1,12027,1,10.0,0.3,0,0,50.4,85.2,0.01,1224.13,12038,1,10.0,0.3,0,0,50.4,85.6,0.0,1224.13,24531,2,20.0,0.051,0,0,0.9,2.7,0.01,1224.11,12263,1,10.0,0.2,0,0,42.9,50.6,0.01,1224.08,11624,1,10.0,3.4,0,0,82.9,92.1,0.01,1224.11,12251,1,10.0,0.4,0,0,73.8,90.2,0.0,1224.11,0.0,52.79,0.0,0,82,0.0,52.77,0.0,0,89,-15,15,0.328,0.286,-0.0,0.242,0.0,0 1 2,5470.8,4753.0,14.71,5422.7,3.597,0.0
30618_74559c73,30618,95.3,981,1,10.0,0.17,0,0,72.8,1880.0,0.01,95.3,992,1,10.0,0.17,0,0,72.7,2962.1,0.0,95.3,1984,2,20.0,0.051,0,0,1.0,2941.5,0.0,95.35,0,1,,,,,,,,,0,1,,,,,,,,,0,1,,,,,,,,,0.0,23.06,0.0,0,38,0.0,22.78,0.0,0,46,-15,7,0.062,0.378,-0.019,0.466,0.0,,,,,,,
30618_748832b9,30618,1111.6,10845,1,10.0,0.314,0,0,59.0,99.2,0.01,1111.51,10856,1,10.0,0.314,0,0,59.0,99.6,0.0,1111.51,22289,2,20.0,0.052,0,0,0.8,41.8,0.01,1111.55,11145,1,10.0,0.1,0,0,44.3,973.7,0.01,1111.56,11048,1,10.0,1.4,0,0,88.6,1019.9,0.02,1111.5,10874,1,10.0,1.2,0,0,83.3,1014.8,0.0,1111.5,0.0,52.33,0.0,0,187,0.0,52.39,0.0,0,193,-15,15,0.371,0.314,0.0,0.227,0.0,0 2,5454.9,4755.2,14.63,5421.5,3.5971,-0.2
30618_76e1f9c7,30618,1295.5,11916,1,9.81,0.318,0,0,28.7,99.7,0.01,1295.5,11926,1,9.81,0.318,0,0,28.6,99.9,0.0,1295.5,25959,2,20.0,0.056,0,0,1.0,3.7,0.01,1295.51,12979,1,10.0,0.1,0,0,42.9,51.0,0.01,1295.48,12469,1,10.0,2.2,0,0,83.4,94.7,0.01,1295.52,12971,1,10.0,0.2,0,0,72.3,92.5,0.0,1295.52,0.0,52.95,0.0,0,107,0.0,52.99,0.0,0,102,-15,15,0.353,0.294,-0.0,0.235,0.0,0 2,5524.9,4717.6,14.72,5466.6,3.5997,-0.05
30618_7849303f,30618,1111.6,10845,1,10.0,0.314,0,0,59.0,99.2,0.01,1111.51,10856,1,10.0,0.314,0,0,59.0,99.6,0.0,1111.51,22289,2,20.0,0.052,0,0,0.8,41.8,0.01,1111.55,11145,1,10.0,0.1,0,0,44.3,973.7,0.01,1111.56,11048,1,10.0,1.4,0,0,88.6,1019.9,0.02,1111.5,10874,1,10.0,1.2,0,0,83.3,1014.8,0.0,1111.5,0.0,52.33,0.0,0,187,0.0,52.39,0.0,0,193,-15,15,0.371,0.314,0.0,0.227,0.0,0 2,5454.9,4755.2,14.63,5421.5,3.5971,-0.2
30618_79b204dc,30618,1061.6,10113,1,10.0,0.3,0,0,67.6,99.2,0.01,1061.55,10122,1,10.0,0.3,0,0,67.6,99.4,0.0,1061.55,21290,2,20.0,0.053,0,0,0.9,2.5,0.01,1061.6,0,1,,,,,,,,,0,1,,,,,,,,,0,1,,,,,,,,,0.0,51.68,0.0,0,115,0.0,51.52,0.0,0,118,-15,15,0.367,0.315,-0.002,0.237,0.0,,,,,,,
30618_7a152380,30618,1253.3,11525,1,9.81,0.308,0,0,63.7,100.0,0.01,1253.26,11537,1,9.81,0.308,0,0,63.7,100.1,0.0,1253.26,25140,2,20.0,0.051,0,0,0.9,2.4,0.0,1253.25,0,1,,,,,,,,,0,1,,,,,,,,,0,1,,,,,,,,,0.0,53.15,0.0,0,117,0.0,53.17,0.0,0,135,-15,15,0.338,0.317,-0.0,0.23,0.0,,,,,,,
30618_7b4d83f4,30618,1156.9,11265,1,10.0,0.306,0,0,50.8,93.5,0.01,1156.79,11278,1,10.0,0.306,0,0,50.8,93.7,0.0,1156.79,23189,2,20.0,0.052,0,0,0.9,2.7,0.01,1156.85,11581,1,10.0,1.2,0,0,46.2,55.0,0.01,1156.77,11389,1,10.0,2.6,0,0,91.2,101.2,0.01,1156.82,11429,1,10.0,2.1,0,0,84.6,101.2,0.0,1156.82,0.0,52.26,0.0,0,99,0.0,52.29,0.0,0,96,-15,15,0.353,0.283,-0.002,0.268,0.0,0 1 2,5475.0,4750.9,14.53,5419.1,3.601,-0.05
30618_7bfbb5ed,30618,1254.1,11618,1,9.81,1.192,6,0,60.1,100.2,0.0,1254.07,11630,1,9.81,1.192,7,0,60.1,100.3,0.0,1254.07,25135,2,20.0,1.05,17,0,1.0,25.7,0.0,1254.06,0,1,,,,,,,,,0,1,,,,,,,,,0,1,,,,,,,,,0.0,53.3,0.0,0,202,0.0,53.33,0.0,0,202,-15,15,0.346,0.322,0.0,0.217,0.0,,,,,,,
30618_7d88fa79,30618,1272.6,12288,1,10.0,0.31,0,0,50.6,89.3,0.01,1272.6,12302,1,10.0,0.31,0,0,50.6,90.3,0.0,1272.6,25532,2,20.0,0.053,0,0,0.9,2.4,0.0,1272.65,0,1,,,,,,,,,0,1,,,,,,,,,0,1,,,,,,,,,0.0,52.92,0.0,0,136,0.0,52.77,0.0,0,129,-15,15,0.329,0.28,-0.0,0.238,0.0,,,,,,,
30618_8158f0b0,30618,1181.4,10942,1,10.0,0.314,0,0,33.2,97.9,0.01,1181.35,10953,1,10.0,0.314,0,0,33.2,98.2,0.0,1181.35,23697,2,20.0,0.053,0,0,0.9,2.8,0.0,1181.41,11839,1,10.0,0.1,0,0,44.4,56.6,0.01,1181.43,11634,1,10.0,0.8,0,0,88.7,101.5,0.02,1181.38,11519,1,10.0,1.0,0,0,83.5,99.3,0.0,1181.38,0.0,53.31,0.0,0,82,0.0,53.33,0.0,0,88,-15,15,0.374,0.307,-0.003,0.243,0.0,0 2,5600.9,4746.6,14.85,5524.1,3.5961,0.05
30618_81c22fee,30618,1181.4,10615,1,9.81,0.318,0,0,34.3,100.4,0.01,1181.44,10626,1,9.81,0.318,0,0,34.3,100.4,0.0,1181.44,23703,2,20.0,0.052,0,0,0.9,2.4,0.0,1181.44,0,1,,,,,,,,,0,1,,,,,,,,,0,1,,,,,,,,,0.0,53.28,0.0,0,112,0.0,53.37,0.0,0,125,-15,15,0.37,0.305,-0.001,0.22,0.0,,,,,,,
30618_87afe526,30618,1215.8,11376,1,10.0,0.3,0,0,61.1,100.3,0.0,1215.74,11385,1,10.0,0.3,0,0,61.1,100.4,0.0,1215.74,24366,2,20.0,0.051,0,0,0.9,2.8,0.0,1215.81,12170,1,10.0,1.4,0,0,43.6,54.1,0.0,1215.83,12039,1,10.0,1.5,0,0,87.9,99.9,0.01,1215.78,12122,1,10.0,1.0,0,0,86.7,102.4,0.0,1215.77,0.0,53.32,0.0,0,151,0.0,53.29,0.0,0,143,-15,15,0.342,0.318,-0.001,0.258,0.0,0 2,5828.4,4695.9,14.82,5444.5,3.5997,-0.15
30618_88548b02,30618,1253.2,11596,1,9.81,0.298,0,0,54.2,100.2,0.01,1253.24,11575,1,9.81,0.284,0,0,54.6,100.4,0.03,1253.24,25114,2,20.0,0.051,0,0,1.3,3.8,0.01,1253.23,12558,1,10.0,0.1,0,0,47.4,55.3,0.01,1253.22,12446,1,10.0,0.7,0,0,87.2,97.9,0.0,1253.16,12289,1,10.0,1.7,0,0,84.4,94.5,0.02,1253.17,0.0,51.78,0.0,0,145,0.0,51.71,0.0,0,153,-15,15,0.348,0.263,0.006,0.383,0.0001,0 1 2,6677.7,4716.4,14.47,5374.2,3.5783,0.15
30618_887a2b9a,30618,1061.6,10113,1,10.0,0.3,0,0,67.6,99.2,0.01,1061.55,10122,1,10.0,0.3,0,0,67.6,99.4,0.0,1061.55,21290,2,20.0,0.053,0,0,0.9,2.5,0.01,1061.6,0,1,,,,,,,,,0,1,,,,,,,,,0,1,,,,,,,,,0.0,51.68,0.0,0,115,0.0,51.52,0.0,0,118,-15,15,0.367,0.315,-0.002,0.237,0.0,,,,,,,
30618_8eb8615c,30618,1198.5,10866,1,9.81,0.308,0,0,55.7,99.3,0.01,1198.41,10881,1,9.81,0.308,0,0,55.7,99.5,0.0,1198.41,24050,2,20.0,0.052,0,0,0.9,2.5,0.0,1198.46,0,1,,,,,,,,,0,1,,,,,,,,,0,1,,,,,,,,,0.0,52.29,0.0,0,69,0.0,52.2,0.0,0,79,-15,15,0.35,0.302,-0.002,0.21,0.0,,,,,,,
30618_8f08df08,30618,1253.3,11525,1,9.81,0.308,0,0,63.7,100.0,0.01,1253.26,11537,1,9.81,0.308,0,0,63.7,100.1,0.0,1253.26,25140,2,20.0,0.051,0,0,0.9,2.4,0.0,1253.25,0,1,,,,,,,,,0,1,,,,,,,,,0,1,,,,,,,,,0.0,53.15,0.0,0,117,0.0,53.17,0.0,0,135,-15,15,0.338,0.317,-0.0,0.23,0.0,,,,,,,
30618_92b1b453,30618,1181.4,10615,1,9.81,0.318,0,0,34.3,100.4,0.01,1181.44,10626,1,9.81,0.318,0,0,34.3,100.4,0.0,1181.44,23703,2,20.0,0.052,0,0,0.9,2.4,0.0,1181.44,0,1,,,,,,,,,0,1,,,,,,,,,0,1,,,,,,,,,0.0,53.28,0.0,0,112,0.0,53.37,0.0,0,125,-15,15,0.37,0.305,-0.001,0.22,0.0,,,,,,,
30618_93dc866e,30618,1080.7,10418,1,10.0,0.312,0,0,45.8,89.0,0.01,1080.58,10427,1,10.0,0.312,0,0,45.8,93.2,0.0,1080.58,21666,2,20.0,0.051,0,0,1.0,60.8,0.01,1080.63,10833,1,10.0,0.2,0,0,47.5,975.7,0.01,1080.6,10602,1,10.0,1.8,0,0,93.2,1021.1,0.02,1080.65,10433,1,10.0,6.0,0,0,84.3,1007.7,0.0,1080.64,0.0,52.62,0.0,0,127,0.0,52.58,0.0,0,125,-15,15,0.322,0.281,0.001,0.217,0.0,0 2,4568.9,4009.3,14.63,4559.3,3.5967,-0.15
30618_95c49c30,30618,1269.3,12319,1,9.99,0.306,0,0,52.2,100.3,0.01,1269.31,12321,1,9.99,0.306,0,0,52.1,100.7,0.0,1269.31,25444,2,20.0,0.051,0,0,1.0,26.4,0.01,1269.31,0,1,,,,,,,,,0,1,,,,,,,,,0,1,,,,,,,,,0.0,51.42,0.0,0,140,0.0,51.51,0.0,0,130,-15,15,0.317,0.264,-0.002,0.237,0.0,,,,,,,
30618_98161270,30618,38.7,411,1,10.0,0.184,0,0,28.9,2209.5,0.0,38.65,423,1,10.0,0.184,0,0,28.9,3400.7,0.0,38.65,849,2,20.0,0.053,0,0,0.8,3424.8,0.0,38.64,412,1,10.0,0.1,0,0,45.4,2188.2,0.01,38.6,362,1,10.0,0.6,0,0,87.6,2133.8,0.01,38.64,415,1,10.0,0.1,0,0,72.1,2485.1,0.0,38.63,0.0,0.0,0.0,0,0,0.0,0.0,0.0,0,0,0,0,0.0,0.0,,,,2,0.9,0.0,0.01,0.1,,
30618_9bbe6faa,30618,1218.5,10958,1,9.81,0.32,0,0,26.1,99.7,0.01,1218.48,10970,1,9.81,0.32,0,0,26.0,100.0,0.0,1218.48,24451,2,20.0,0.052,0,0,0.9,2.8,0.0,1218.53,0,1,,,,,,,,,0,1,,,,,,,,,0,1,,,,,,,,,0.0,52.68,0.0,0,118,0.0,52.64,0.0,0,115,-15,15,0.326,0.279,-0.0,0.23,0.0,,,,,,,
30618_9c09b081,30618,1328.6,12662,1,10.0,0.25,0,0,58.3,100.4,0.01,1328.49,12670,1,10.0,0.25,0,0,58.3,100.4,0.0,1328.49,26626,2,20.0,0.052,0,0,1.0,4.3,0.01,1328.64,13307,1,10.0,0.6,0,0,43.7,60.9,0.01,1328.57,12999,1,10.0,2.8,0,0,83.9,104.7,0.02,1328.61,12941,1,10.0,4.7,0,0,80.5,98.5,0.0,1328.61,0.0,53.31,0.0,0,98,0.0,53.36,0.0,0,92,-15,15,0.35,0.3,-0.004,0.235,0.0,0 2,6250.3,4730.7,14.82,5482.8,3.5961,-0.1
30618_9c10cd0d,30618,1218.5,10958,1,9.81,0.32,0,0,26.1,99.7,0.01,1218.48,10970,1,9.81,0.32,0,0,26.0,100.0,0.0,1218.48,24451,2,20.0,0.052,0,0,0.9,2.8,0.0,1218.53,0,1,,,,,,,,,0,1,,,,,,,,,0,1,,,,,,,,,0.0,52.68,0.0,0,118,0.0,52.64,0.0,0,115,-15,15,0.326,0.279,-0.0,0.23,0.0,,,,,,,
30618_a395846d,30618,1311.3,11952,1,9.81,0.404,0,0,59.8,100.2,0.01,1311.29,11962,1,9.81,0.31,0,0,59.8,100.3,0.0,1311.29,26282,2,20.0,0.052,0,0,0.9,3.2,0.01,1311.27,13105,1,10.0,2.4,0,0,43.7,109.7,0.01,1311.23,12827,1,10.0,2.4,0,0,83.9,120.3,0.01,1311.27,12884,1,10.0,2.3,0,0,80.1,169.7,0.0,1311.26,0.0,53.31,0.0,0,129,0.0,53.35,0.0,0,122,-15,15,0.358,0.298,0.0,0.223,0.0,0 2,5917.8,4723.4,14.84,5473.7,3.5963,-0.15
30618_a53d5f6f,30618,1210.2,11071,1,9.81,0.322,0,0,40.7,100.7,0.01,1210.18,11049,1,9.81,0.322,0,0,41.4,101.2,0.02,1210.18,24253,2,20.0,0.052,0,0,1.6,4.9,0.01,1210.18,11949,1,10.0,14.4,0,0,44.2,56.7,0.01,1210.15,11813,1,10.0,14.4,0,0,85.0,101.5,0.0,1210.19,11859,1,10.0,2.7,0,0,84.6,97.3,0.02,1210.19,0.0,53.25,0.0,0,105,0.0,53.39,0.0,0,114,-15,15,0.386,0.32,-0.0,0.25,0.0,0 2,5675.5,4685.0,14.86,5447.0,3.5973,-0.05
30618_a869780d,30618,1083.7,9898,1,9.81,0.318,0,0,31.0,100.1,0.01,1083.63,9872,1,9.81,0.318,0,0,31.5,100.3,0.03,1083.63,21731,2,20.0,0.051,0,0,1.3,3.4,0.01,1083.69,10866,1,10.0,0.1,0,0,47.0,61.4,0.01,1083.67,10602,1,10.0,1.6,0,0,89.8,107.9,0.0,1083.61,10629,1,10.0,2.2,0,0,84.1,98.7,0.02,1083.6,0.0,53.14,0.0,0,105,0.0,53.23,0.0,0,101,-15,15,0.366,0.306,-0.001,0.231,0.0,0 2,5660.2,4626.9,14.77,5307.1,3.5986,-0.2
30618_ab5921a4,30618,1151.5,10627,1,9.81,0.306,0,0,65.7,100.6,0.01,1151.48,10637,1,9.81,0.306,0,0,65.7,100.7,0.0,1151.48,23083,2,20.0,0.053,0,0,1.0,3.2,0.01,1151.49,11541,1,10.0,0.1,0,0,42.8,57.5,0.01,1151.46,11262,1,10.0,1.2,0,0,86.3,104.9,0.01,1151.41,11029,1,10.0,6.6,0,0,78.9,95.4,0.0,1151.4,0.0,53.05,0.0,0,139,0.0,53.07,0.0,0,133,-15,15,0.404,0.352,-0.001,0.23,0.0,0 2,5906.2,4714.2,14.78,5464.0,3.597,-0.05
30618_ae4eb346,30618,1255.4,11649,1,9.81,0.29,0,0,56.5,100.2,0.01,1255.34,11658,1,9.81,0.29,0,0,56.5,100.3,0.0,1255.34,25163,2,20.0,0.057,0,0,0.9,2.5,0.01,1255.38,12521,1,10.0,4.2,0,0,42.9,54.8,0.01,1255.39,12362,1,10.0,4.2,0,0,82.0,97.9,0.02,1255.33,12547,1,10.0,0.7,0,0,81.3,95.2,0.0,1255.32,0.0,53.17,0.0,0,117,0.0,53.25,0.0,0,127,-15,15,0.357,0.319,-0.0,0.231,0.0,0 2,5557.5,4692.3,14.8,5441.4,3.5962,-0.3
30618_af7496f0,30618,262.9,2570,1,10.0,0.334,0,0,34.3,416.2,0.01,262.9,2580,1,10.0,0.334,0,0,34.3,1125.4,0.0,262.9,5306,2,20.0,0.051,0,0,1.0,390.4,0.01,262.9,2653,1,10.0,0.1,0,0,44.5,1061.0,0.01,262.9,2642,1,10.0,0.4,0,0,87.3,1099.1,0.01,262.95,2553,1,10.0,2.0,0,0,84.7,1095.5,0.0,262.95,0.0,38.95,0.0,0,47,0.0,39.0,0.0,0,48,-15,15,0.333,0.141,-0.007,0.281,0.0,0 2,475.6,347.3,10.82,445.4,3.5954,-2.0
30618_b1098bdb,30618,1276.0,12126,1,10.0,0.304,0,0,59.3,99.4,0.01,1275.86,12135,1,10.0,0.304,0,0,59.3,99.6,0.0,1275.86,25594,2,20.0,0.052,0,0,0.9,2.4,0.0,1275.96,0,1,,,,,,,,,0,1,,,,,,,,,0,1,,,,,,,,,0.0,53.32,0.0,0,183,0.0,53.37,0.0,0,169,-15,15,0.322,0.297,0.002,0.224,0.0,,,,,,,
30618_b15eafc3,30618,1255.2,11688,1,9.82,0.3,0,0,59.0,100.5,0.0,1255.17,11695,1,9.82,0.3,0,0,59.0,100.5,0.0,1255.17,25157,2,20.0,0.054,0,0,1.0,3.0,0.0,1255.18,12578,1,10.0,0.1,0,0,43.6,52.6,0.0,1255.15,12417,1,10.0,1.3,0,0,84.3,94.7,0.0,1255.19,12422,1,10.0,1.5,0,0,72.6,87.9,0.0,1255.18,0.0,52.13,0.0,0,154,0.0,51.99,0.0,0,153,-15,15,0.35,0.265,-0.001,0.24,0.0,0 2,5431.8,4746.4,14.43,5411.5,3.6006,-0.25
30618_b3042f78,30618,1072.8,9569,1,9.81,0.317,0,0,21.6,100.5,0.0,1072.64,9579,1,9.81,0.317,0,0,21.6,100.6,0.0,1072.64,21505,2,20.0,0.052,0,0,0.9,47.4,0.0,1072.82,10417,1,10.0,29.4,0,0,40.0,961.3,0.0,1072.78,10296,1,10.0,33.4,0,0,78.4,985.9,0.01,1072.82,10425,1,10.0,23.7,0,0,69.9,999.5,0.0,1072.81,0.0,53.25,0.0,0,249,0.0,53.25,0.0,0,273,-15,15,0.397,0.417,-0.001,0.234,0.0,0 1 2,5629.5,4724.0,14.81,5336.3,3.5955,0.15
30618_b8044aa0,30618,1272.1,11660,1,9.81,0.312,0,0,58.5,99.7,0.01,1272.06,11670,1,9.81,0.312,0,0,58.5,99.9,0.0,1272.06,25490,2,20.0,0.087,0,0,1.0,3.4,0.01,1272.12,12745,1,10.0,0.1,0,0,43.3,53.0,0.01,1272.14,12124,1,10.0,1.8,0,0,83.7,98.1,0.02,1272.08,12679,1,10.0,1.1,0,0,80.4,91.8,0.0,1272.07,0.0,52.01,0.0,0,109,0.0,52.09,0.0,0,122,-15,15,0.328,0.267,-0.002,0.252,0.0,0 1 2,5496.2,4746.4,14.53,5410.8,3.6011,0.3
30618_b83d854d,30618,1202.9,11461,1,10.0,0.31,0,0,57.9,99.5,0.01,1202.92,11470,1,10.0,0.31,0,0,57.9,99.7,0.0,1202.92,24110,2,20.0,0.052,0,0,1.0,5.6,0.01,1202.93,12054,1,10.0,0.1,0,0,45.2,58.7,0.01,1202.87,11823,1,10.0,1.1,0,0,87.5,104.5,0.01,1202.91,11856,1,10.0,1.8,0,0,83.0,99.0,0.0,1202.9,0.0,52.81,0.0,0,133,0.0,52.8,0.0,0,123,-15,15,0.37,0.309,-0.002,0.246,0.0,0 2,5506.8,4681.3,14.68,5425.8,3.6005,0.0
30618_b95ca60a,30618,1085.9,9781,1,9.81,0.318,0,0,26.2,99.9,0.01,1085.84,9791,1,9.81,0.318,0,0,26.3,100.2,0.0,1085.84,21767,2,20.0,0.051,0,0,0.9,2.7,0.01,1085.86,10869,1,10.0,1.5,0,0,42.1,52.5,0.01,1085.83,10631,1,10.0,1.7,0,0,82.3,95.5,0.02,1085.86,10837,1,10.0,1.1,0,0,75.1,89.8,0.0,1085.85,0.0,52.2,0.0,0,115,0.0,52.25,0.0,0,119,-15,15,0.37,0.304,-0.001,0.236,0.0,0 2,5521.8,4746.0,14.5,5408.7,3.6013,-0.05
30618_bab2fe58,30618,53.6,548,1,10.0,0.218,0,0,23.9,1967.4,0.01,53.55,558,1,10.0,0.218,0,0,23.9,2959.3,0.0,53.55,1141,2,20.0,0.051,0,0,0.8,2970.0,0.0,53.54,560,1,10.0,0.1,0,0,45.6,1937.3,0.01,53.5,540,1,10.0,0.5,0,0,86.8,1856.6,0.01,53.54,563,1,10.0,0.1,0,0,71.3,2234.3,0.0,53.52,0.0,26.71,0.0,0,2,0.0,26.67,0.0,0,3,-15,0,0.0,0.806,-0.002,0.31,0.0,2,157.9,136.9,7.41,157.7,3.6026,
30618_bc5e53c2,30618,26.3,257,1,9.81,0.21,0,0,12.7,2530.5,0.01,26.28,268,1,9.81,0.21,0,0,13.1,3718.7,0.0,26.28,580,2,20.0,0.052,0,0,1.4,2472.0,0.01,26.29,289,1,10.0,0.2,0,0,44.8,2456.5,0.01,26.26,265,1,10.0,0.3,0,0,87.4,2178.3,0.02,26.3,293,1,10.0,0.1,0,0,81.2,2752.4,0.0,26.3,0.0,0.0,0.0,0,0,0.0,0.0,0.0,0,0,0,0,0.0,0.0,,,,2,0.5,0.0,0.04,0.1,,
30618_bcc9e7a2,30618,1018.8,9555,1,10.0,0.314,0,0,38.1,95.2,0.0,1018.79,9565,1,10.0,0.314,0,0,38.2,96.5,0.0,1018.79,20453,2,20.0,0.052,0,0,0.9,2.9,0.0,1018.78,0,1,,,,,,,,,0,1,,,,,,,,,0,1,,,,,,,,,-0.38,53.16,0.0006,0,120,-0.39,53.23,0.0005,0,124,-15,15,0.372,0.328,0.001,0.198,0.0,,,,,,,
30618_cfd9fd5a,30618,1228.3,11864,1,10.0,0.312,0,0,49.6,96.9,0.01,1228.31,11877,1,10.0,0.312,0,0,49.6,97.0,0.0,1228.31,24640,2,20.0,0.053,0,0,0.9,2.4,0.0,1228.3,0,1,,,,,,,,,0,1,,,,,,,,,0,1,,,,,,,,,0.0,53.29,0.0,0,137,0.0,53.39,0.0,0,156,-15,15,0.34,0.293,0.0,0.235,0.0,,,,,,,
30618_d4ba7005,30618,1158.3,10955,1,10.0,0.304,0,0,68.7,101.0,0.0,1158.28,10933,1,10.0,0.304,0,0,69.3,101.6,0.01,1158.28,23218,2,20.0,0.051,0,0,1.7,4.3,0.0,1158.28,11609,1,10.0,0.1,0,0,47.9,56.7,0.0,1158.25,11571,1,10.0,0.7,0,0,94.8,105.1,0.0,1158.2,11444,1,10.0,1.5,0,0,87.1,98.5,0.01,1158.19,0.0,51.9,0.0,0,117,0.0,52.01,0.0,0,112,-15,15,0.346,0.286,-0.002,0.242,0.0,2,5348.0,4697.3,14.47,5350.5,3.5977,0.1
30618_dd8d0741,30618,1265.5,11724,1,9.81,0.294,0,0,60.7,101.0,0.01,1265.46,11705,1,9.81,0.294,0,0,61.3,101.4,0.02,1265.46,25357,2,20.0,0.053,0,0,1.7,6.3,0.01,1265.46,12609,1,10.0,2.2,0,0,45.1,60.1,0.0,1265.44,12439,1,10.0,4.8,0,0,84.7,105.5,0.0,1265.38,12297,1,10.0,6.6,0,0,82.3,103.0,0.01,1265.47,0.0,53.29,0.0,0,81,0.0,53.4,0.0,0,84,-15,15,0.347,0.28,-0.0,0.255,0.0,0 2,5979.6,4713.8,14.84,5463.4,3.5963,-0.05
30618_dd8e6395,30618,1226.4,11259,1,9.81,0.302,0,0,40.4,100.3,0.0,1226.37,11239,1,9.81,0.302,0,0,41.0,100.7,0.02,1226.37,24574,2,20.0,0.052,0,0,1.7,4.5,0.0,1226.42,12287,1,10.0,0.1,0,0,47.1,57.3,0.0,1226.34,12219,1,10.0,0.6,0,0,93.7,105.1,0.0,1226.39,12118,1,10.0,3.4,0,0,85.1,100.3,0.01,1226.38,0.0,52.72,0.0,0,81,0.0,52.76,0.0,0,81,-15,15,0.351,0.296,0.0,0.24,0.0,0 2,5369.8,4625.9,14.66,5377.7,3.5961,0.1
30618_ddad08d6,30618,1168.5,10785,1,9.81,0.304,0,0,25.5,100.0,0.01,1168.49,10797,1,9.81,0.304,0,0,25.5,100.1,0.0,1168.49,23444,2,20.0,0.052,0,0,0.9,2.6,0.0,1168.49,0,1,,,,,,,,,0,1,,,,,,,,,0,1,,,,,,,,,0.0,53.24,0.0,0,101,0.0,53.28,0.0,0,102,-15,15,0.334,0.311,0.001,0.222,0.0,,,,,,,
30618_defd0170,30618,1044.8,9578,1,9.81,0.306,0,0,32.9,100.4,0.01,1044.83,9552,1,9.81,0.306,0,0,33.2,100.5,0.02,1044.83,20953,2,20.0,0.054,0,0,1.4,4.1,0.01,1044.83,10476,1,10.0,0.1,0,0,42.1,53.1,0.0,1044.78,10391,1,10.0,0.7,0,0,87.2,101.2,0.0,1044.82,10329,1,10.0,0.6,0,0,85.9,101.4,0.01,1044.82,0.0,51.48,0.0,0,106,0.0,51.5,0.0,0,105,-15,15,0.352,0.307,0.005,0.331,0.0,0,20791.3,4608.5,14.54,5209.3,3.5439,0.0
30618_e151d6e4,30618,37.8,401,1,10.0,0.144,0,0,51.6,1915.8,0.0,37.74,411,1,10.0,0.144,0,0,51.6,2908.7,0.0,37.74,821,2,20.0,0.052,0,0,0.8,2845.6,0.0,37.79,0,1,,,,,,,,,0,1,,,,,,,,,0,1,,,,,,,,,0.0,0.0,0.0,0,0,0.0,0.0,0.0,0,0,0,0,0.0,0.0,,,,,,,,,,
30618_e2dcf65f,30618,1092.6,10225,1,9.81,0.3,0,0,58.8,100.4,0.01,1092.51,10237,1,9.81,0.3,0,0,58.8,100.4,0.0,1092.51,21901,2,20.0,0.053,0,0,0.8,2.5,0.01,1092.57,10950,1,10.0,0.1,0,0,45.7,57.0,0.01,1092.49,10710,1,10.0,1.8,0,0,88.1,102.6,0.01,1092.53,10349,1,10.0,2.3,0,0,83.6,95.5,0.0,1092.53,0.0,52.58,0.0,0,114,0.0,52.57,0.0,0,111,-15,15,0.356,0.263,-0.005,0.245,0.0,2,5323.2,4687.2,14.56,5328.8,3.5982,-0.15
30618_e392e5bd,30618,1095.6,10559,1,10.0,0.286,0,0,61.5,99.6,0.01,1095.58,10569,1,10.0,0.256,0,0,61.4,99.7,0.0,1095.58,21988,2,20.0,0.053,0,0,0.9,2.5,0.0,1095.58,0,1,,,,,,,,,0,1,,,,,,,,,0,1,,,,,,,,,0.0,52.47,0.0,0,144,0.0,52.6,0.0,0,166,-15,15,0.369,0.303,-0.0,0.242,0.0003,,,,,,,
30618_e3d94878,30618,1168.4,11064,1,10.0,0.386,0,0,32.2,94.1,0.01,1168.39,11072,1,10.0,0.386,0,0,32.2,95.5,0.0,1168.39,23421,2,20.0,0.053,0,0,1.0,3.8,0.01,1168.36,11710,1,10.0,0.2,0,0,46.8,55.8,0.01,1168.35,11438,1,10.0,1.4,0,0,89.9,100.7,0.02,1168.39,11473,1,10.0,1.9,0,0,84.8,94.2,0.0,1168.39,0.0,51.7,0.0,0,124,0.0,51.67,0.0,0,135,-15,15,0.268,0.358,-0.002,0.24,0.0,2,5408.5,4733.0,14.37,5414.2,3.6007,-0.35
30618_e7dcdab1,30618,1187.4,11429,1,9.85,0.316,0,0,54.2,99.1,0.0,1187.43,11435,1,9.85,0.316,0,0,54.2,99.2,0.0,1187.43,23820,2,20.0,0.052,0,0,0.9,2.4,0.0,1187.43,0,1,,,,,,,,,0,1,,,,,,,,,0,1,,,,,,,,,0.0,52.19,0.0,0,117,0.0,52.21,0.0,0,126,-15,15,0.343,0.286,-0.002,0.232,0.0,,,,,,,
30618_e9a34502,30618,1201.4,11065,1,9.81,0.3,0,0,33.3,99.3,0.01,1201.38,11043,1,9.81,0.3,0,0,34.0,99.5,0.02,1201.38,24078,2,20.0,0.052,0,0,1.7,4.2,0.01,1201.43,12040,1,10.0,0.1,0,0,46.7,56.3,0.01,1201.44,11904,1,10.0,2.1,0,0,90.7,101.5,0.0,1201.39,11836,1,10.0,1.7,0,0,85.5,95.3,0.02,1201.39,0.0,51.45,0.0,0,140,0.0,51.6,0.0,0,133,-15,15,0.353,0.299,-0.003,0.233,0.0,0 2,5385.9,4731.2,14.35,5389.5,3.5978,0.05
30618_efb92709,30618,1277.9,12009,1,9.81,1.292,6,0,58.5,128.1,0.0,1277.83,12019,1,9.81,1.292,6,0,58.5,132.5,0.0,1277.84,25607,2,20.0,1.05,20,0,1.0,63.9,0.0,1277.88,12801,1,10.0,1.1,10,0,45.6,1045.9,0.0,1277.83,12701,1,10.0,1.3,10,0,89.7,1089.6,0.0,1277.87,12527,1,10.0,5.7,10,0,75.0,1084.8,0.0,1277.86,0.0,53.04,0.0,0,144,0.0,53.05,0.0,0,147,-15,15,0.381,0.338,0.001,0.216,0.0,0 2,5580.5,4730.7,14.77,5478.3,3.5957,-0.05
30618_f19a4ac3,30618,1194.1,11530,1,10.0,0.308,0,0,51.2,89.3,0.0,1194.09,11539,1,10.0,0.308,0,0,51.2,89.6,0.0,1194.09,23934,2,20.0,0.053,0,0,1.0,4.1,0.0,1194.1,11966,1,10.0,0.2,0,0,43.7,52.3,0.0,1194.07,11518,1,10.0,1.9,0,0,85.5,98.2,0.0,1194.11,11831,1,10.0,0.9,0,0,81.6,93.7,0.0,1193.91,0.0,51.63,0.0,0,182,0.0,51.76,0.0,0,189,-15,15,0.373,0.302,-0.003,0.217,0.0,0 1 2,5423.6,4737.8,14.4,5417.6,3.5997,-0.05
30618_f28179bb,30618,1069.8,9571,1,9.81,0.318,0,0,27.4,99.7,0.01,1069.82,9582,1,9.81,0.318,0,0,27.5,100.0,0.0,1069.82,21450,2,20.0,0.052,0,0,0.9,2.4,0.01,1069.81,0,1,,,,,,,,,0,1,,,,,,,,,0,1,,,,,,,,,0.0,52.99,0.0,0,72,0.0,53.1,0.0,0,71,-15,15,0.376,0.355,-0.001,0.223,0.0,,,,,,,
30618_f3a0694d,30618,1224.1,12027,1,10.0,0.3,0,0,50.4,85.2,0.01,1224.13,12038,1,10.0,0.3,0,0,50.4,85.6,0.0,1224.13,24531,2,20.0,0.051,0,0,0.9,2.7,0.01,1224.11,12263,1,10.0,0.2,0,0,42.9,50.6,0.01,1224.08,11624,1,10.0,3.4,0,0,82.9,92.1,0.01,1224.11,12251,1,10.0,0.4,0,0,73.8,90.2,0.0,1224.11,0.0,52.79,0.0,0,82,0.0,52.77,0.0,0,89,-15,15,0.328,0.286,-0.0,0.242,0.0,0 1 2,5470.8,4753.0,14.71,5422.7,3.597,0.0
30618_f3b8c99b,30618,1074.3,9838,1,9.81,0.306,0,0,65.1,100.2,0.01,1074.35,9847,1,9.81,0.306,0,0,65.1,100.3,0.0,1074.35,21540,2,20.0,0.051,0,0,0.9,2.5,0.01,1074.33,10769,1,10.0,0.1,0,0,43.0,52.5,0.01,1074.29,10544,1,10.0,2.1,0,0,84.5,99.3,0.02,1074.33,10657,1,10.0,2.1,0,0,81.0,94.2,0.0,1074.32,0.0,51.86,0.0,0,180,0.0,51.91,0.0,0,190,-15,15,0.362,0.369,-0.001,0.238,0.0,0 2,5439.1,4756.5,14.42,5436.2,3.5969,0.2
30639_0ab96c59,30639,79.8,811,1,10.0,0.77,0,0,68.8,1498.1,0.01,79.75,790,1,10.0,0.77,0,0,69.0,117.1,0.02,79.75,1639,2,20.0,0.097,0,0,10.6,1625.8,0.01,79.79,821,1,10.0,0.1,0,0,50.8,1619.4,0.01,79.71,823,1,10.0,0.1,0,0,71.0,1817.1,0.0,79.73,819,1,10.0,0.1,0,0,71.2,1421.6,0.02,79.73,0.0,3.76,0.0,0,4,0.0,3.75,0.0,0,4,0,6,0.051,0.0,0.016,0.193,0.0,2,2.9,1.7,1.09,2.0,,
30639_0be558e2,30639,1289.1,12440,1,9.81,0.334,0,0,59.7,99.5,0.01,1289.08,12424,1,9.81,0.334,0,0,60.0,99.6,0.03,1289.09,25829,2,20.0,0.064,0,0,1.4,10.2,0.01,1289.07,12866,1,10.0,5.0,0,0,46.5,58.5,0.01,1289.03,10554,1,10.0,5.9,0,0,65.9,78.6,0.0,1289.05,12695,1,10.0,15.8,0,0,63.7,76.9,0.02,1289.05,0.0,53.73,0.0,0,81,0.0,53.92,0.0,0,74,-15,15,0.347,0.329,-0.01,0.249,0.0,0 2,6079.8,4765.4,15.02,5543.4,3.5858,0.35
30639_253671cc,30639,1078.1,9720,1,9.75,0.392,0,0,37.3,101.3,0.0,1078.1,9721,1,9.74,0.326,0,0,37.3,101.3,0.0,1078.1,21639,2,20.0,0.052,0,0,0.7,4.8,0.01,1078.11,10819,1,10.0,0.1,0,0,42.2,55.1,0.01,1078.09,10804,1,10.0,0.3,0,0,58.6,71.4,0.01,1078.11,10819,1,10.0,0.2,0,0,57.9,72.7,0.0,1078.11,0.0,49.42,0.0,0,71,0.0,49.4,0.0,0,73,-15,15,0.381,0.334,-0.001,0.27,0.0,0 2,6100.9,4516.0,13.66,5245.3,3.6217,-0.05
30639_2b4a6347,30639,1108.8,10896,1,10.0,0.222,0,0,51.7,86.4,0.0,1108.81,10870,1,10.0,0.288,0,0,52.0,85.7,0.02,1108.81,22224,2,20.0,0.088,0,0,19.9,55.2,0.0,1108.78,11114,1,10.0,0.1,0,0,39.0,50.5,0.0,1108.8,10112,1,10.0,4.5,0,0,59.7,71.0,0.0,1108.82,11111,1,10.0,0.2,0,0,59.7,72.2,0.01,1108.82,0.0,50.99,0.0,0,74,0.0,51.03,0.0,0,81,-15,15,0.375,0.323,-0.005,0.233,0.0,0 2,5403.6,4746.4,14.25,5409.2,3.5902,-0.1
30639_3b3d9eb8,30639,1215.5,11559,1,9.81,0.89,0,0,54.9,99.6,0.0,1215.46,10542,1,9.81,73.499,0,0,53.4,99.9,0.0,1215.46,24372,2,20.0,0.051,0,0,0.7,2.6,0.01,1215.5,12185,1,10.0,1.0,7,0,29.7,39.9,0.01,1215.45,12149,1,10.0,1.6,8,0,46.5,58.0,0.01,1215.47,12183,1,10.0,1.1,7,0,51.1,62.3,0.0,1215.48,0.0,46.44,0.0,0,133,0.0,46.52,0.0,0,130,-15,15,0.371,0.339,-0.004,23.795,0.1061,0,5497.1,4692.9,12.75,5443.3,3.6388,-0.2
30639_4285f2bc,30639,1303.0,12318,1,9.8,0.414,0,0,62.6,99.9,0.0,1302.97,11929,1,9.8,47.105,0,0,63.7,100.1,0.01,1302.97,25512,2,20.0,0.149,0,0,24.6,92.4,0.0,1302.95,12997,1,10.0,3.7,0,0,40.9,51.7,0.0,1302.96,11107,1,10.0,7.5,0,0,60.2,72.9,0.0,1302.88,13030,1,10.0,0.7,0,0,59.5,74.5,0.01,1302.88,0.0,53.44,0.0,0,113,0.0,53.58,0.0,0,124,-15,15,0.351,0.371,-0.003,10.283,0.0408,0 1 2,5691.7,4731.2,14.92,5471.8,3.5877,0.25
30639_44226bde,30639,1079.3,10016,1,9.81,0.356,0,0,61.3,101.1,0.0,1079.23,9875,1,9.81,16.698,0,0,61.6,101.2,0.0,1079.23,21662,2,20.0,0.055,0,0,0.7,5.5,0.0,1079.3,10830,1,10.0,0.1,0,0,45.7,57.5,0.0,1079.22,10824,1,10.0,0.3,0,0,63.8,75.5,0.0,1079.24,10832,1,10.0,0.1,0,0,63.6,79.7,0.0,1079.24,0.0,50.99,0.0,0,84,0.0,51.04,0.0,0,100,-15,13,0.38,0.323,-0.001,8.089,0.0182,0,6095.0,4735.4,14.06,5411.0,3.6211,-0.05
30639_50956d6e,30639,1102.5,10904,1,10.0,0.318,0,0,63.9,99.5,0.0,1102.55,10892,1,10.0,0.318,0,0,64.2,99.5,0.01,1102.55,22094,2,20.0,0.054,0,0,10.0,27.9,0.0,1102.53,11036,1,10.0,1.0,0,0,48.1,61.8,0.0,1102.5,9205,1,10.0,6.8,0,0,67.3,82.9,0.0,1102.51,10759,1,10.0,19.9,0,0,65.6,86.5,0.0,1102.52,0.0,53.21,0.0,0,121,0.0,53.32,0.0,0,105,-15,15,0.398,0.336,-0.011,0.387,0.0066,0 2,5762.9,4730.5,14.55,5477.4,3.5861,-0.2
30639_584b6e32,30639,1138.1,11133,1,9.99,0.236,0,0,41.0,84.5,0.0,1138.04,10965,1,9.99,16.298,0,0,41.7,84.1,0.01,1138.04,22806,2,20.0,0.08,0,0,15.3,47.5,0.0,1138.06,11404,1,10.0,0.1,0,0,43.5,51.9,0.0,1138.04,9351,1,10.0,8.6,0,0,62.9,72.5,0.0,1138.06,11401,1,10.0,0.1,0,0,60.7,72.1,0.01,1138.06,0.0,53.12,0.0,0,139,0.0,53.16,0.0,0,144,-15,15,0.396,0.321,-0.004,3.756,0.0141,0 2,5560.3,4730.4,15.94,5469.8,3.5875,-0.95
30639_92226df0,30639,1213.4,11539,1,9.99,0.478,0,0,40.6,95.6,0.0,1213.31,11538,1,9.99,0.478,0,0,40.6,95.6,0.0,1213.31,24340,2,20.0,0.071,0,0,0.7,6.0,0.01,1213.37,12042,1,10.0,8.8,0,0,44.0,54.7,0.01,1213.39,10723,1,10.0,8.8,0,0,62.5,73.7,0.02,1213.31,12075,1,10.0,7.8,0,0,61.3,75.5,0.0,1213.31,0.0,50.81,0.0,0,77,0.0,50.76,0.0,0,75,-15,15,0.404,0.305,-0.009,0.269,0.0,0 1 2,5612.7,4766.6,13.96,5422.8,3.6328,0.0
30639_927002c2,30639,1142.2,10497,1,9.8,0.334,0,0,64.0,100.3,0.0,1142.22,10242,1,9.8,20.498,0,0,64.4,100.4,0.14,1142.22,22891,2,20.0,0.068,0,0,5.1,16.1,0.0,1142.2,11446,1,10.0,0.1,0,0,47.7,54.3,0.0,1142.14,10711,1,10.0,3.7,0,0,67.4,76.9,0.0,1142.16,11442,1,10.0,0.3,0,0,67.7,77.7,0.02,1142.16,0.0,52.5,0.0,0,106,0.0,52.54,0.0,0,111,-15,15,0.388,0.339,-0.009,4.135,0.0182,2,5384.4,4729.8,14.64,5389.2,3.5862,-0.05
30639_9c362687,30639,1354.8,12279,1,9.8,1.121,1,0,38.2,100.4,0.0,1354.62,12278,1,9.8,1.121,1,0,38.2,100.4,0.0,1354.62,27166,2,20.0,1.05,1,0,0.7,9.2,0.01,1354.78,13581,1,10.0,1.1,10,0,43.0,997.9,0.01,1354.71,13578,1,10.0,1.1,10,0,59.7,984.9,0.01,1354.72,13585,1,10.0,1.1,10,0,59.2,1024.4,0.0,1354.72,-0.26,50.73,0.0002,0,131,-0.26,50.82,0.0002,0,132,-15,13,0.359,0.32,-0.001,0.243,0.0,0 2,5564.0,4753.4,13.99,5412.0,3.6251,-0.05
30639_9f0b519f,30639,1028.6,9825,1,9.81,0.312,0,0,32.3,93.8,0.0,1028.44,9746,1,9.81,5.798,0,0,32.5,90.9,0.02,1028.44,20618,2,20.0,0.065,0,0,7.6,23.0,0.0,1028.62,10309,1,10.0,0.1,0,0,50.2,58.7,0.0,1028.59,9835,1,10.0,2.1,0,0,69.8,80.3,0.0,1028.61,10306,1,10.0,0.2,0,0,70.1,81.1,0.01,1028.61,0.0,51.65,0.0,0,119,0.0,51.69,0.0,0,130,-15,15,0.419,0.329,-0.007,0.308,0.0009,2,5384.5,4727.0,14.41,5389.5,3.589,-0.05
30639_c31df386,30639,1357.2,12361,1,9.81,19.812,0,0,40.6,100.4,0.0,1357.11,12554,1,9.81,0.326,0,0,41.7,100.4,0.0,1357.11,27219,2,20.0,0.078,0,0,0.7,3.6,0.02,1357.15,13607,1,10.0,0.2,0,0,38.6,46.9,0.02,1357.11,12003,1,10.0,4.7,0,0,56.1,66.0,0.03,1357.13,13610,1,10.0,0.2,0,0,59.9,69.6,0.0,1357.14,0.0,50.1,0.0,0,109,0.0,50.1,0.0,0,134,-15,13,0.33,0.32,-0.007,0.274,0.0,0,5422.6,4743.4,13.77,5433.3,3.6339,0.05
30639_d3c43d69,30639,1095.7,9832,1,9.81,0.306,0,0,28.6,100.5,0.0,1095.61,9831,1,9.81,0.306,0,0,28.6,100.6,0.0,1095.61,21986,2,20.0,0.054,0,0,0.7,4.1,0.0,1095.68,10858,1,10.0,12.8,0,0,44.8,58.5,0.0,1095.61,10782,1,10.0,12.8,0,0,61.6,75.3,0.01,1095.62,10883,1,10.0,4.1,0,0,62.0,78.0,0.0,1095.62,0.0,46.55,0.0,0,69,0.0,46.55,0.0,0,92,-15,15,0.388,0.345,-0.001,0.267,0.0,0,7940.0,4501.3,12.86,5217.9,3.6173,0.15
30639_d601d28f,30639,1004.6,8997,1,9.8,0.344,0,0,23.8,99.7,0.0,1004.42,8998,1,9.8,0.344,0,0,23.8,99.8,0.0,1004.42,20154,2,20.0,0.062,0,0,0.6,2.4,0.02,1004.6,10077,1,10.0,0.1,0,0,31.5,36.6,0.02,1004.61,8238,1,10.0,7.8,0,0,48.7,55.7,0.02,1004.53,9931,1,10.0,14.7,0,0,54.7,62.5,0.0,1004.52,0.0,50.95,0.0,0,108,0.0,50.96,0.0,0,138,-15,13,0.404,0.365,0.006,0.257,0.0,0,5416.8,4743.7,13.88,5411.1,3.6582,0.1
30639_d927f360,30639,1094.3,10171,1,9.81,0.294,0,0,28.9,100.5,0.0,1094.23,9780,1,9.81,25.584,0,0,29.0,100.5,0.04,1094.23,21930,2,20.0,0.058,0,0,11.0,31.3,0.0,1094.3,10964,1,10.0,0.2,0,0,44.2,53.4,0.0,1094.22,8989,1,10.0,4.3,0,0,62.9,74.1,0.0,1094.24,10961,1,10.0,0.2,0,0,62.0,73.3,0.01,1094.24,0.0,50.74,0.0,0,63,0.0,50.78,0.0,0,73,-15,15,0.373,0.337,-0.004,9.022,0.0412,0 2,5444.8,4743.0,14.15,5403.0,3.5906,-0.65
30639_dce52be4,30639,1144.2,10581,1,9.81,0.314,0,0,30.3,96.7,0.0,1144.13,10582,1,9.81,0.314,0,0,30.3,96.7,0.0,1144.13,22943,2,20.0,0.054,0,0,0.7,3.8,0.01,1144.17,11432,1,10.0,2.3,0,0,39.1,53.5,0.01,1144.13,10989,1,10.0,4.1,0,0,56.2,69.7,0.01,1144.15,11427,1,10.0,2.4,0,0,58.5,71.8,0.0,1144.15,0.0,50.72,0.0,0,92,0.0,50.79,0.0,0,111,-15,15,0.359,0.34,-0.006,0.304,0.0,0,7858.6,4503.5,13.79,5176.6,3.6316,0.0
30639_e4379d7f,30639,1432.0,13425,1,9.84,0.31,0,0,46.7,98.4,0.0,1431.95,13425,1,9.84,0.31,0,0,46.7,98.4,0.0,1431.95,28726,2,20.0,0.053,0,0,0.6,4.1,0.01,1431.97,0,1,,,,,,,,,0,1,,,,,,,,,5727,1,3.33,3.6,0,0,63.2,576.9,0.0,1431.76,0.0,50.68,0.0,0,135,0.0,50.63,0.0,0,152,-15,15,0.334,0.299,-0.001,0.274,0.0009,,,,,,,
